model_name	total_datasets	average_accuracy	total_time_s	average_time_s
dir	0	nan	0.000	nan
step-5000	149	0.602232	1599.289	10.733
step-10000	149	0.548721	1604.747	10.770
step-14400	149	0.578004	1595.977	10.711
step-14450	149	0.577433	1600.960	10.745
step-14500	149	0.574038	1592.005	10.685
step-14550	149	0.578713	1592.101	10.685
step-14600	149	0.579151	1590.411	10.674
